"adherent_id","jardin_id","adherent","depot_id","email","date_sortie"
3,5,Coline Maury,11,,
4,5,Valérie Guilbaud,13,,
7,5,Léandre Baudouin,19,,
14,5,Denise Aubertin,28,,
15,5,Aurore Philippon,23,,
19,5,Jade Aubin,21,,
22,5,Marcel Renaud,29,,
33,5,Loris Lebreton,28,,
35,5,Malone Guiot,15,,
37,5,Kewan Meyer,28,,
38,5,Lucienne Piat,17,,
41,5,Pascale Tisserand,26,,
47,5,Côme Delattre,17,,
49,5,Marthe Collot,29,,
64,5,Thierry Laine,23,,
66,5,Christelle Brisset,15,,
72,5,Boris Babin,16,,
75,5,Marguerite Ferrari,15,,
80,5,Adrien Gosselin,20,,
84,5,Elouan Mazet,16,,
93,5,Edwige Gosset,20,,
102,5,Noham Blandin,28,,
103,5,Josiane Piot,26,,
111,5,Laurine Jan,28,,
112,5,Albert Garrigues,17,,
117,5,Marie-Claude Hoareau,26,,
118,5,Anthony Fontaine,21,,
121,5,Ghislaine Cros,21,,
122,5,Tessa Chollet,27,,
132,5,Sylvie Roger,16,,
136,5,Martin Laffont,22,,
140,5,Ludivine Jullien,13,,
146,5,Dylan Douay,21,,
147,5,Mylan Vannier,18,,
149,5,Diego Bayle,27,,
165,5,Roland Pinto,12,,
170,5,Charles Lemonnier,29,,
172,5,Olympe Guilloux,20,,
185,5,Marjorie Fonteneau,18,,
203,5,Léon Massot,26,,
205,5,Harold Vallee,25,,
209,5,Karen Munoz,16,,
214,5,William Braud,27,,
220,5,Jean-Christophe Berry,19,,
221,5,Kimi Garcin,26,,
222,5,Marc Riche,15,,
225,5,Alice Fleury,23,,
226,5,Marine Florent,23,,
231,5,Christophe Haas,25,,
233,5,Victor Granger,15,,
234,5,Laure Gervais,17,,
238,5,Irene Durieux,15,,
254,5,Florent Pepin,21,,
260,5,Vanessa Pinson,27,,
264,5,Damien Amar,25,,
270,5,Raphaël Bachelet,24,,
279,5,Karine Remy,26,,
282,5,Jean-Baptiste Rossi,22,,
284,5,Jordan Robinet,21,,
292,5,Lou Foucault,28,,
298,5,Marie-Pierre Lavaud,10,,
299,5,Célestin Legros,28,,
302,5,Edith Rey,15,,
310,5,Olivia Hennequin,12,,
315,5,Théophile Riou,21,,
321,5,Céleste Lacoste,26,,
324,5,Yvette Ben,28,,
326,5,Claire Munier,22,,
334,5,Dorian Bonneau,22,,
336,5,Téo Marc,12,,
346,5,Elie Dutertre,27,,
347,5,Richard Chene,21,,
349,5,Urbain de Chansiergues,29,,
359,5,Robert Arnoux,13,,
362,5,Albin Mayer,16,,
364,5,Sandrine Gautier,12,,
367,5,David Dussart,11,,
373,5,Huguette Payet,22,,
375,5,Fabien Guyard,13,,
378,5,Paolo Neveu,15,,
379,5,Gisèle Schneider,27,,
383,5,Inès Pons,15,,
384,5,Thibaud Gallo,12,,
402,5,Louison Le moal,14,,
404,5,Anne-Laure Cordonnier,28,,
419,5,Yvaine Gutierrez,17,,
427,5,Noan Favreau,14,,
439,5,Deborah Lamy,14,,
446,5,Adrienne Marti,18,,
447,5,Laetitia Guibert,14,,
449,5,Tony Calvet,16,,
454,5,Isaac Moreau,24,,
461,5,Francine Brossard,22,,
471,5,Barbara Quentin,17,,
475,5,Luis Bouquet,12,,
480,5,Manon Besse,16,,
490,5,Andrée Esnault,23,,
491,5,Raoul Brun,21,,
493,5,Marlene Janin,26,,
498,5,Jennifer Besson,28,,
501,5,Néo Pruvot,29,,
509,5,Maelle Boulay,11,,
513,5,Jean-Claude Vignon,18,,
516,5,Berthe Courtin,27,,
517,5,Armand Sicard,26,,
518,5,Zabou Froger,19,,
520,5,Myriam Carton,26,,
526,5,Jean Lebon,24,,
531,5,Mélodie Pastor,20,,
532,5,Martial Jimenez,22,,
537,5,Félix Monfort,23,,
545,5,Léonard Lemercier,23,,
547,5,Monique Maire,11,,
552,5,Melody Genet,16,,
553,5,Philippine Roques,20,,
557,5,Francis Rousseau,22,,
559,5,Amaury Mauger,15,,
570,5,Octave Plessis,22,,
572,5,Malika Fraysse,23,,
594,5,Leslie Geslin,17,,
596,5,Léopold Durant,19,,
599,5,Noemie Copin,21,,
605,5,Régis Leroy,29,,
613,5,Mauricette Fort,26,,
617,5,Odile Teixeira,27,,
620,5,Carine Cheron,22,,
624,5,Fabienne Toutain,24,,
625,5,Grégoire Savary,24,,
627,5,André Chaillou,25,,
629,5,Mireille Vernet,28,,
632,5,Ingrid Girard,27,,
634,5,Céline Giroux,27,,
639,5,Dominique Felix,29,,
647,5,Raymonde Crespin,27,,
648,5,Marie-France Salomon,22,,
650,5,Nathaël Lecoq,29,,
654,5,Joshua Marie,23,,
655,5,Matisse Cano,14,,
660,5,Aymeric Gil,24,,
663,5,Quentin Vigouroux,26,,
672,5,Ludovic Lacour,21,,
673,5,Xavier Capelle,23,,
685,5,Edgar de Verjus,29,,
687,5,Erwan Dubreuil,23,,
688,5,Ian Le goff,27,,
691,5,Marilyne Genty,19,,
692,5,Rebecca Charlet,10,,
697,5,Valérie Allain,17,,
701,5,Patrick Jung,21,,
702,5,Jonathan Rollet,22,,
713,5,Aurelia Schwartz,21,,
714,5,Amélie Adam,27,,
722,5,Magali Magnier,14,,
724,5,Philippe Henri,28,,
730,5,Kewan Briand,11,,
737,5,Jeanne Lasserre,17,,
740,5,Côme Prevost,29,,
744,5,Clovis Picard,21,,
746,5,Annick Calvez,22,,
754,5,Emmanuelle Renard,13,,
757,5,Thierry Claverie,24,,
761,5,Sandro Walter,22,,
766,5,Valèry Loiseau,20,,
768,5,Marguerite Chabaud,24,,
782,5,Virginie Godart,28,,
786,5,Edwige Lagarde,20,,
787,5,Agathe Thouvenin,20,,
790,5,Frédéric Belin,28,,
793,5,Caroline Rouault,21,,
798,5,Thomas Poisson,26,,
799,5,Henriette Floch,22,,
800,5,Laurie Barriere,20,,
809,5,Georgette Renault,29,,
820,5,Pierrette Mathis,18,,
824,5,Olive Boulanger,26,,
847,5,Lucas Leblanc,26,,
852,5,Gaëlle Ribeiro,29,,
853,5,Eloi Bellanger,22,,
865,5,Olympe Cariou,14,,
869,5,Patrice Gross,25,,
881,5,Carla Bach,20,,
888,5,Lilian Lefrancois,20,,
896,5,Léon Gonçalves,17,,
906,5,Nadia Dejean,24,,
923,5,Alexine Causse,28,,
929,5,Robin Silvestre,29,,
936,5,Gérald Genin,28,,
939,5,Jean-Michel Peron,26,,
941,5,Maryse de Farcy,22,,
946,5,Véronique Rollin,26,,
952,5,Virgile Rodrigues,23,,
953,5,Vanessa Combes,23,,
959,5,Sandra Lavigne,17,,
967,5,Vianney Gimenez,11,,
969,5,Manuel Braun,13,,
971,5,Salomé Girault,26,,
974,5,Laurence Viel,18,,
975,5,Jean-Baptiste Michelet,27,,
976,5,Sonia Roth,18,,
990,5,Marie-Noëlle Leconte,29,,
991,5,Marie-Pierre Boivin,24,,
996,5,Cindy Faye,20,,
1005,5,Mathilde Beraud,14,,
1027,5,Dorian de Cardevac d'Havrin,25,,
1031,5,Gilbert Vial,20,,
1033,5,Felix Robillard,24,,
1041,5,Jules Arnould,14,,
1048,5,Hector Petit,22,,
1052,5,Robert Vigier,13,,
1059,5,Cerise Camus,25,,
1079,5,Adeline Crepin,22,,
1082,5,Loan Auvray,19,,
1090,5,Angélique Picot,23,,
1095,5,Louison Ferre,20,,
1097,5,Anne-Laure Buffet,13,,
1101,5,Anissa Dias,17,,
1102,5,Stanislas Clouet,11,,
1106,5,Arnaud Duc,19,,
1107,5,Noelle Gougeon,12,,
1109,5,Ludwig Monin,19,,
1115,5,Matteo Laval,18,,
1129,5,Benjamin Smith,20,,
1132,5,Deborah Carvalho,18,,
1134,5,Bastien Marco,28,,
1145,5,Alphonse Mangin,22,,
1146,5,Floriane Houdet,24,,
1155,5,Carole Lair,29,,
1157,5,Anne-Marie Collignon,21,,
1158,5,Marceau Negre,20,,
1161,5,Yolande Delaporte,15,,
1176,5,Léo Gallois,20,,
1180,5,Gabin Chauvet,11,,
1194,5,Néo Petitjean,25,,
1197,5,Dounia Fournet,15,,
1201,5,Thérèse Rossignol,19,,
1213,5,Myriam Da silva,22,,
1227,5,Jean-Pierre Bourguignon,27,,
1237,5,Rémy Huard,27,,
1240,5,Monique Darras,13,,
1243,5,Aline Legrand,24,,
1246,5,Philippine Fayolle,12,,
1252,5,Amaury Barraud,12,,
1253,5,Jessy Morvan,28,,
1257,5,Mathias Casanova,25,,
1264,5,Guy Morin,25,,
1266,5,Marcelle Garnier,20,,
1268,5,Julie Clavel,17,,
1270,5,Wendy Hernandez,20,,
1272,5,Melissa Wagner,15,,
1276,5,Cyril Besnard,15,,
1293,5,Gaston Renaud,20,,
1305,5,Guilhem Bocquet,26,,
1315,5,Faustine Ledoux,15,,
1316,5,Pascale Gueguen,21,,
1319,5,Jeanne Moulin,22,,
1324,5,Marthe Delannoy,29,,
1326,5,Clovis de Montclos,29,,
1337,5,Chloé Brisset,19,,
1338,5,Rudy Goupil,26,,
1342,5,Melvin Lechat,11,,
1354,5,Carlos Huchet,21,,
1358,5,Linda Tardieu,15,,
1369,5,Agathe Terrien,28,,
1395,5,Thaïs Caillet,17,,
1407,5,Sylvie Laffont,22,,
1416,5,Cécile Brunel,11,,
1420,5,Annabelle Bayle,29,,
1430,5,Claude Oudin,15,,
1434,5,Gaëlle Seguin,20,,
1435,5,Eloi Barreau,17,,
1436,5,Ernest Pinto,11,,
1441,5,Dany Lemonnier,27,,
1444,5,Lola Drouet,28,,
1460,5,Marjorie Fillon,20,,
1466,5,Alain Moreno,25,,
1469,5,Camille Vivier,15,,
1473,5,Ezio Bellec,26,,
1478,5,Léon Debray,25,,
1480,5,Harold Munoz,23,,
1486,5,Justin Costes,16,,
1487,5,Albane Herbin,24,,
1506,5,Christophe de Bruyères-Chalabre,14,,
1527,5,Gauthier Weiss,12,,
1530,5,Soren Galembert,10,,
1541,5,Sandra Chauveau,14,,
1559,5,Jordan Renou,21,,
1567,5,Lou Guiot,12,,
1570,5,Yann Piat,10,,
1583,5,Charlène Tournier,12,,
1586,5,Micheline Jouve,21,,
1594,5,Jean-Marie Naudin,25,,
1600,5,Milo Varlet,20,,
1605,5,Jean-Philippe Racine,25,,
1610,5,Clara Roux,22,,
1612,5,Josette Gosselin,21,,
1614,5,Nicole Puech,26,,
1616,5,Tabitha Mazet,23,,
1620,5,Bénédicte Grimaud,14,,
1621,5,Elie Raimbault,12,,
1628,5,Basile Hoffmann,29,,
1629,5,Johanna Menard,14,,
1633,5,Léa Louis,16,,
1639,5,Sandrine Caillaud,26,,
1641,5,Cerise Michel,26,,
1652,5,Peggy d'Harcourt,26,,
1664,5,Loan Roger,13,,
1670,5,Bruno Franco,28,,
1678,5,Isabelle Douay,24,,
1689,5,Noelle Lafitte,24,,
1695,5,Tatiana Seguin,27,,
1698,5,Matthieu Aubry,19,,
1699,5,Mathieu Delage,11,,
1701,5,Anne Favier,25,,
1704,5,Marie Guilloux,16,,
1705,5,Brice Drouet,17,,
1706,5,Viviane Gaillard,22,,
1709,5,Orane Paris,11,,
1711,5,Benjamin Favre,25,,
1713,5,Lydie Lemarchand,12,,
1716,5,Bastien Fouquet,22,,
1724,5,Tony Bauduin,22,,
1750,5,Luis Guilbaud,22,,
1755,5,Manon Chauveau,21,,
1762,5,Gabin Papin,23,,
1765,5,Coline Aubin,15,,
1771,5,Jonathan Billy,21,,
1774,5,Timeo Prunier,20,,
1778,5,Patricia Mousset,11,,
1782,5,Aurelia Philibert,26,,
1784,5,Marcel Piat,15,,
1790,5,Daniel Ledoux,22,,
1793,5,Philippe Delattre,23,,
1795,5,Loris Collot,29,,
1797,5,Malone Tournier,12,,
1798,5,Blanche Godin,25,,
1804,5,Josephine Andrez,20,,
1814,5,Liliane Varlet,13,,
1819,5,Meline Racine,27,,
1824,5,Chloé Roux,21,,
1826,5,Thierry Gosselin,25,,
1832,5,Nathéo Ouvrard,16,,
1836,5,Hervé Luciani,14,,
1839,5,Maxence Gosset,13,,
1842,5,Adrien Hoffmann,20,,
1852,5,Pierre Le roux,25,,
1855,5,Edwige Michel,13,,
1857,5,Angeline Jan,13,,
1861,5,Marin Portal,14,,
1865,5,Josiane Pham,28,,
1868,5,Henriette Chollet,20,,
1878,5,Georgette Roger,14,,
1882,5,Thaïs Laffont,22,,
1895,5,Loïs Bayle,16,,
1898,5,Martin Gaudemaris,18,,
1899,5,Yaëlle Rambaud,26,,
1912,5,Ruben Aubry,29,,
1917,5,Claude Michon,12,,
1925,5,Roseline Favre,24,,
1952,5,April Bloch,24,,
1955,5,Lionel Munoz,27,,
1958,5,Alexis Roussel,14,,
1962,5,Edmond Marty,29,,
1977,5,Jean-Louis Prat,28,,
1981,5,Estelle Guegan,22,,
1984,5,Marc Garcia,13,,
2000,5,Irene Cuvelier,24,,
2008,5,Jean-Michel Aubertin,16,,
2018,5,Adam Sevin,20,,
2021,5,Virgile Renou,29,,
2025,5,Noël Le Bihan,28,,
2026,5,Damien Mousset,19,,
2028,5,Sandra Bocquet,22,,
2034,5,Emilienne Verrier,26,,
2035,5,Max Benoist,21,,
2037,5,Tim Bastien,25,,
2039,5,Gérard Angot,15,,
2044,5,Jean-Baptiste Leduc,27,,
2051,5,Samantha Verger,10,,
2054,5,Lou Teyssier,11,,
2059,5,Marie-Noëlle Cotte,19,,
2064,5,Edith Hennequin,16,,
2067,5,Roman Philippot,24,,
2070,5,Charlène Vidal,27,,
2074,5,Mathilde Verdier,17,,
2076,5,Catherine Barrau,18,,
2080,5,Bernard Munier,28,,
2085,5,Nathan Mounier,20,,
2089,5,Victoria Cuny,21,,
2090,5,Fernande Marc,28,,
2107,5,Bénédicte Coulon,18,,
2110,5,Jules Dubus,28,,
2112,5,Milan Boyer,13,,
2117,5,Hector Wolff,14,,
2125,5,Ryan Beck,28,,
2135,5,Huguette Ricci,28,,
2139,5,Peggy Lebas,19,,
2158,5,Aurore Cordonnier,22,,
2159,5,Patricia Thiriet,23,,
2166,5,Juliette Servant,20,,
2174,5,Philippe Gallais,23,,
2192,5,Marthe Henry,13,,
2203,5,Alfred Chapuis,21,,
2208,5,Sylvain Lemarchand,23,,
2221,5,Lena Faivre,20,,
2228,5,Axel Guegan,17,,
2236,5,Edwige Munoz,22,,
2239,5,Elias Roussel,16,,
2242,5,Marin Wagner,29,,
2244,5,Rose-Marie Maury,26,,
2247,5,Victorine Cuvelier,22,,
2252,5,Tristan Ragot,23,,
2254,5,Laurine Gérard,13,,
2268,5,Frédérique Renou,13,,
2274,5,Olive Lebreton,11,,
2282,5,Charline Benoist,21,,
2285,5,Pimprenelle Robinet,23,,
2289,5,Dylan Le Gal,23,,
2293,5,Ruben Foucault,29,,
2296,5,Fabrice Romero,26,,
2306,5,Roseline Billy,12,,
2312,5,Lola Le bihan,11,,
2314,5,Kévin Lebreton,14,,
2326,5,Denise Gueguen,16,,
2335,5,Juliette Jouve,16,,
2340,5,Daniel Monteil,19,,
2349,5,Kewan Varlet,26,,
2353,5,Pascale Babin,20,,
2356,5,Jeanne Ferrari,15,,
2377,5,Aurore Hoffmann,12,,
2381,5,Jade Carpentier,11,,
2385,5,Juliette Rigaud,15,,
2387,5,Antoinette Le roux,22,,
2390,5,Cyril Michel,23,,
2399,5,Christian Fontaine,14,,
2400,5,Cyril Pham,13,,
2402,5,Emmanuelle Cros,23,,
2416,5,Marguerite Guery,13,,
2417,5,Malo Laffont,20,,
2422,5,Didier Caro,22,,
2428,5,Charlotte Vannier,22,,
2429,5,Colette Leveque,12,,
2442,5,Rose-Marie Blanchard,22,,
2445,5,Victorine Barreau,27,,
2453,5,Albert Guilloux,12,,
2474,5,Loïs Reynaud,21,,
2494,5,Fabrice Delpech,18,,
2500,5,Gaëlle Fonteneau,15,,
2507,5,Dany Bauduin,24,,
2513,5,Olympe Vivier,16,,
2516,5,Titouan Guegan,20,,
2520,5,Zita Vallee,26,,
2521,5,Simone Bloch,23,,
2523,5,Ilian Pierron,22,,
2527,5,Zéphir Roussel,24,,
2539,5,Ezio Maurin,20,,
2542,5,Françoise Gérard,16,,
2547,5,Roger Berard,14,,
2549,5,Emile Dubourg,23,,
2559,5,Gilberte Cote,27,,
2561,5,Jean-Christophe Mousset,19,,
2563,5,Marc Bocquet,28,,
2564,5,Lenny Guiot,29,,
2579,5,Irene Leduc,22,,
2588,5,Abel Legros,15,,
2589,5,Maryse Teyssier,12,,
2602,5,Orianne Philippot,20,,
2615,5,Vianney Munier,29,,
2637,5,Marie-Louise Briere,13,,
2644,5,Cindy Cornet,16,,
2658,5,Harry Merle,18,,
2663,5,Ange Bel,12,,
2665,5,Yvette Poncet,20,,
2674,5,Germaine Lebas,28,,
2682,5,Tabitha Castel,15,,
2683,5,Ginette Lesage,23,,
2700,5,Frédéric Dupuy,23,,
2708,5,Thomas Gutierrez,20,,
2711,5,Gilles Remond,14,,
2713,5,Achille Even,19,,
2725,5,Matt Maillard,18,,
2731,5,Colette Feron,21,,
2743,5,Caroline Lemarchand,24,,
2746,5,Josiane Fouquet,23,,
2748,5,Thomas Boutet,26,,
2754,5,Laurine Bauduin,29,,
2763,5,Thaïs Guegan,23,,
2765,5,Tabitha Massot,21,,
2789,5,Logan Gérard,22,,
2793,5,Maud Pillet,16,,
2796,5,Angèle Dubourg,12,,
2798,5,Noa Renaud,21,,
2800,5,Alicia Sevin,12,,
